{
    "accuracy": 0.7901023890784983,
    "precision": 0.7790561939234736,
    "recall": 0.7901023890784983,
    "f1_score": 0.7820752112308723
}